{"number_steps": 1039, "total_reward": [7.042857142857144, 6.942857142857144, 6.842857142857144, 6.742857142857145, 6.642857142857145, 6.542857142857145, 6.442857142857146, 6.342857142857146, 6.242857142857146, 6.142857142857147, 6.042857142857147, 9.51428571428572, 9.41428571428572, 9.31428571428572, 9.21428571428572, 9.114285714285721, 9.014285714285721, 8.914285714285722, 8.814285714285722, 8.714285714285722, 8.614285714285723, 8.514285714285723, 11.985714285714295, 11.885714285714295, 11.785714285714295, 11.685714285714296, 11.585714285714296, 11.485714285714296, 11.385714285714297, 14.857142857142868, 14.757142857142869, 14.657142857142869, 14.55714285714287, 14.45714285714287, 14.35714285714287, 17.82857142857144, 17.72857142857144, 17.628571428571437, 17.528571428571436, 17.428571428571434, 20.900000000000006, 20.800000000000004, 20.700000000000003, 20.6, 24.071428571428573, 23.97142857142857, 23.87142857142857, 23.77142857142857, 23.671428571428567, 27.14285714285714, 27.042857142857137, 26.942857142857136, 30.414285714285707, 30.314285714285706, 30.214285714285705, 30.114285714285703, 33.585714285714275, 33.48571428571427, 33.38571428571427, 36.85714285714284, 36.75714285714284, 36.65714285714284, 40.128571428571405, 40.028571428571404, 39.9285714285714, 39.8285714285714, 43.29999999999997, 43.19999999999997, 43.099999999999966, 46.571428571428534, 46.47142857142853, 46.37142857142853, 49.8428571428571, 49.7428571428571, 49.642857142857096, 53.114285714285664, 53.01428571428566, 52.91428571428566, 56.38571428571423, 56.28571428571423, 56.185714285714226, 59.657142857142794, 59.55714285714279, 63.02857142857136, 66.49999999999994, 66.39999999999995, 66.29999999999995, 69.77142857142853, 69.67142857142854, 69.57142857142854, 73.04285714285712, 72.94285714285712, 72.84285714285713, 76.3142857142857, 76.21428571428571, 76.11428571428571, 79.58571428571429, 79.4857142857143, 79.3857142857143, 79.2857142857143, 82.75714285714288, 82.65714285714289, 82.55714285714289, 86.02857142857147, 85.92857142857147, 85.82857142857148, 89.30000000000005, 89.20000000000006, 89.10000000000007, 89.00000000000007, 92.47142857142865, 92.37142857142865, 92.27142857142866, 95.74285714285723, 95.64285714285724, 95.54285714285724, 99.01428571428582, 98.91428571428582, 98.81428571428583, 98.71428571428584, 102.18571428571441, 102.08571428571442, 101.98571428571442, 105.457142857143, 105.357142857143, 105.25714285714301, 108.72857142857158, 108.62857142857159, 108.5285714285716, 112.00000000000017, 111.90000000000018, 111.80000000000018, 111.70000000000019, 115.17142857142876, 115.07142857142877, 114.97142857142877, 118.44285714285735, 118.34285714285735, 118.24285714285736, 121.71428571428594, 121.61428571428594, 121.51428571428595, 121.41428571428595, 124.88571428571453, 124.78571428571453, 124.68571428571454, 128.15714285714313, 128.05714285714313, 127.95714285714314, 131.42857142857173, 131.32857142857173, 131.22857142857174, 134.70000000000033, 134.60000000000034, 134.50000000000034, 134.40000000000035, 137.87142857142894, 137.77142857142894, 137.67142857142895, 141.14285714285754, 141.04285714285754, 140.94285714285755, 144.41428571428614, 144.31428571428614, 144.21428571428615, 144.11428571428615, 147.58571428571474, 147.48571428571475, 147.38571428571476, 150.85714285714334, 150.75714285714335, 150.65714285714336, 154.12857142857195, 154.02857142857195, 153.92857142857196, 153.82857142857196, 157.30000000000055, 157.20000000000056, 157.10000000000056, 160.57142857142915, 160.47142857142916, 160.37142857142916, 163.84285714285775, 163.74285714285776, 163.64285714285776, 167.11428571428635, 167.01428571428636, 166.91428571428636, 166.81428571428637, 170.28571428571496, 170.18571428571497, 170.08571428571497, 173.55714285714356, 173.45714285714357, 173.35714285714357, 176.82857142857216, 176.72857142857217, 176.62857142857217, 180.10000000000076, 180.00000000000077, 179.90000000000077, 183.37142857142936, 183.27142857142937, 183.17142857142937, 186.64285714285796, 186.54285714285797, 186.44285714285797, 186.34285714285798, 189.81428571428657, 189.71428571428658, 189.61428571428658, 193.08571428571517, 192.98571428571518, 192.88571428571518, 196.35714285714377, 196.25714285714378, 196.15714285714378, 199.62857142857237, 199.52857142857238, 203.00000000000097, 202.90000000000097, 202.80000000000098, 206.27142857142957, 206.17142857142957, 206.07142857142958, 209.54285714285817, 209.44285714285817, 209.34285714285818, 212.81428571428677, 212.71428571428677, 212.61428571428678, 216.08571428571537, 215.98571428571537, 215.88571428571538, 215.7857142857154, 219.25714285714398, 219.15714285714398, 219.057142857144, 222.52857142857258, 222.42857142857258, 222.3285714285726, 225.80000000000118, 225.70000000000118, 225.6000000000012, 229.07142857142978, 228.97142857142978, 228.8714285714298, 232.34285714285838, 232.24285714285838, 232.1428571428584, 235.61428571428698, 235.51428571428698, 235.414285714287, 238.88571428571558, 238.78571428571558, 238.6857142857156, 242.15714285714418, 242.05714285714419, 241.9571428571442, 241.8571428571442, 245.3285714285728, 245.2285714285728, 245.1285714285728, 248.6000000000014, 248.5000000000014, 248.4000000000014, 251.87142857143, 251.77142857143, 251.67142857143, 255.1428571428586, 255.0428571428586, 254.9428571428586, 258.41428571428713, 258.3142857142871, 258.2142857142871, 261.6857142857156, 261.5857142857156, 261.4857142857156, 264.9571428571441, 264.8571428571441, 264.75714285714406, 268.2285714285726, 268.12857142857257, 268.02857142857255, 271.5000000000011, 271.40000000000106, 271.30000000000103, 274.77142857142957, 274.67142857142954, 274.5714285714295, 278.04285714285805, 277.94285714285803, 277.842857142858, 281.31428571428654, 281.2142857142865, 281.1142857142865, 284.585714285715, 284.485714285715, 284.385714285715, 287.8571428571435, 287.7571428571435, 287.65714285714347, 291.128571428572, 291.028571428572, 290.92857142857196, 294.4000000000005, 294.30000000000047, 294.20000000000044, 297.671428571429, 297.57142857142895, 297.47142857142893, 300.94285714285746, 300.84285714285744, 300.7428571428574, 304.21428571428595, 304.1142857142859, 304.0142857142859, 307.48571428571444, 307.3857142857144, 310.85714285714295, 310.7571428571429, 314.22857142857146, 314.12857142857143, 314.0285714285714, 317.49999999999994, 317.3999999999999, 317.2999999999999, 320.77142857142843, 320.6714285714284, 320.5714285714284, 320.47142857142836, 323.9428571428569, 323.8428571428569, 323.74285714285685, 327.2142857142854, 327.11428571428536, 327.01428571428534, 330.48571428571387, 330.38571428571385, 330.2857142857138, 333.75714285714236, 333.65714285714233, 333.5571428571423, 333.4571428571423, 336.9285714285708, 336.8285714285708, 336.7285714285708, 340.1999999999993, 340.0999999999993, 339.99999999999926, 339.89999999999924, 343.37142857142777, 343.27142857142775, 343.1714285714277, 346.64285714285626, 346.54285714285623, 346.4428571428562, 349.91428571428474, 349.8142857142847, 349.7142857142847, 349.6142857142847, 353.0857142857132, 352.9857142857132, 352.88571428571316, 352.78571428571314, 356.2571428571417, 356.15714285714165, 356.0571428571416, 359.52857142857016, 359.42857142857014, 359.3285714285701, 362.79999999999865, 362.6999999999986, 362.5999999999986, 362.4999999999986, 365.9714285714271, 365.8714285714271, 365.77142857142707, 369.2428571428556, 369.1428571428556, 369.04285714285555, 368.94285714285553, 372.41428571428406, 372.31428571428404, 372.214285714284, 375.68571428571255, 375.5857142857125, 375.4857142857125, 375.3857142857125, 378.857142857141, 378.757142857141, 378.65714285714097, 382.1285714285695, 382.0285714285695, 385.499999999998, 385.399999999998, 385.29999999999797, 388.7714285714265, 388.6714285714265, 392.142857142855, 392.042857142855, 391.94285714285496, 395.4142857142835, 395.31428571428347, 395.21428571428345, 398.685714285712, 398.58571428571196, 398.48571428571194, 398.3857142857119, 401.85714285714045,