{"number_steps": 1038, "total_reward": [7.1463768115942035, 7.046376811594204, 6.946376811594204, 6.8463768115942045, 6.746376811594205, 6.646376811594205, 6.546376811594206, 6.446376811594206, 6.346376811594206, 6.246376811594207, 6.146376811594207, 9.669565217391309, 9.56956521739131, 9.46956521739131, 9.36956521739131, 9.26956521739131, 9.16956521739131, 9.069565217391311, 8.969565217391311, 8.869565217391312, 8.769565217391312, 8.669565217391312, 12.192753623188414, 12.092753623188415, 11.992753623188415, 11.892753623188415, 11.792753623188416, 11.692753623188416, 11.592753623188417, 15.115942028985518, 15.015942028985519, 14.91594202898552, 14.81594202898552, 14.71594202898552, 14.61594202898552, 18.139130434782622, 18.03913043478262, 17.93913043478262, 17.839130434782618, 17.739130434782616, 21.262318840579717, 21.162318840579715, 21.062318840579714, 20.962318840579712, 24.485507246376812, 24.38550724637681, 24.28550724637681, 24.185507246376808, 24.085507246376807, 27.608695652173907, 27.508695652173905, 27.408695652173904, 30.931884057971004, 30.831884057971003, 30.731884057971, 30.631884057971, 34.1550724637681, 34.0550724637681, 33.9550724637681, 37.4782608695652, 37.378260869565196, 37.278260869565194, 40.801449275362295, 40.70144927536229, 40.60144927536229, 40.50144927536229, 44.02463768115939, 43.92463768115939, 43.82463768115939, 47.34782608695649, 47.247826086956486, 47.147826086956485, 50.671014492753585, 50.571014492753584, 50.47101449275358, 53.99420289855068, 53.89420289855068, 53.79420289855068, 57.31739130434778, 57.21739130434778, 57.11739130434778, 60.64057971014488, 60.540579710144875, 64.06376811594198, 67.5869565217391, 67.4869565217391, 71.0101449275362, 70.91014492753621, 70.81014492753621, 74.33333333333331, 74.23333333333332, 74.13333333333333, 77.65652173913043, 77.55652173913043, 77.45652173913044, 77.35652173913044, 80.87971014492754, 80.77971014492755, 80.67971014492755, 84.20289855072465, 84.10289855072466, 84.00289855072467, 87.52608695652177, 87.42608695652177, 87.32608695652178, 87.22608695652178, 90.74927536231888, 90.64927536231889, 90.5492753623189, 94.072463768116, 93.972463768116, 93.872463768116, 97.3956521739131, 97.29565217391311, 97.19565217391312, 97.09565217391312, 100.61884057971022, 100.51884057971023, 100.41884057971023, 103.94202898550733, 103.84202898550734, 103.74202898550735, 107.26521739130445, 107.16521739130445, 107.06521739130446, 106.96521739130446, 110.48840579710156, 110.38840579710157, 110.28840579710157, 113.81159420289868, 113.71159420289868, 113.61159420289869, 117.13478260869579, 117.03478260869579, 116.9347826086958, 116.8347826086958, 120.3579710144929, 120.25797101449291, 120.15797101449292, 123.68115942029002, 123.58115942029002, 123.48115942029003, 127.00434782608713, 126.90434782608713, 126.80434782608714, 126.70434782608714, 130.22753623188424, 130.12753623188425, 130.02753623188426, 133.55072463768136, 133.45072463768136, 133.35072463768137, 136.87391304347847, 136.77391304347847, 136.67391304347848, 140.19710144927558, 140.09710144927558, 139.9971014492756, 139.8971014492756, 143.4202898550727, 143.3202898550727, 143.2202898550727, 146.7434782608698, 146.6434782608698, 146.54347826086982, 150.06666666666692, 149.96666666666692, 149.86666666666693, 149.76666666666694, 153.28985507246404, 153.18985507246404, 153.08985507246405, 156.61304347826115, 156.51304347826115, 156.41304347826116, 159.93623188405826, 159.83623188405826, 159.73623188405827, 159.63623188405828, 163.15942028985538, 163.05942028985538, 162.9594202898554, 166.4826086956525, 166.3826086956525, 166.2826086956525, 169.8057971014496, 169.7057971014496, 169.6057971014496, 169.50579710144962, 173.02898550724672, 172.92898550724672, 172.82898550724673, 176.35217391304383, 176.25217391304383, 176.15217391304384, 179.67536231884094, 179.57536231884094, 179.47536231884095, 179.37536231884096, 182.89855072463806, 182.79855072463806, 182.69855072463807, 186.22173913043517, 186.12173913043517, 186.02173913043518, 189.54492753623228, 189.44492753623229, 189.3449275362323, 189.2449275362323, 192.7681159420294, 192.6681159420294, 192.5681159420294, 196.0913043478265, 195.9913043478265, 195.89130434782652, 199.41449275362362, 199.31449275362363, 199.21449275362363, 199.11449275362364, 202.63768115942074, 202.53768115942074, 202.43768115942075, 205.96086956521785, 205.86086956521785, 205.76086956521786, 209.28405797101496, 209.18405797101497, 209.08405797101497, 212.60724637681207, 212.50724637681208, 212.40724637681208, 215.93043478260918, 215.8304347826092, 215.7304347826092, 215.6304347826092, 219.1536231884063, 219.0536231884063, 218.9536231884063, 222.4768115942034, 222.37681159420342, 222.27681159420342, 222.17681159420343, 225.70000000000053, 225.60000000000053, 225.50000000000054, 229.02318840579764, 228.92318840579765, 228.82318840579765, 232.34637681159475, 232.24637681159476, 232.14637681159476, 232.04637681159477, 235.56956521739187, 235.46956521739187, 235.36956521739188, 238.89275362318898, 238.792753623189, 238.692753623189, 238.592753623189, 242.1159420289861, 242.0159420289861, 241.9159420289861, 245.4391304347832, 245.33913043478321, 245.23913043478322, 245.13913043478323, 248.66231884058033, 248.56231884058033, 248.46231884058034, 251.98550724637744, 251.88550724637744, 251.78550724637745, 255.30869565217455, 255.20869565217455, 255.10869565217456, 255.00869565217457, 258.53188405797164, 258.4318840579716, 258.3318840579716, 261.8550724637687, 261.75507246376867, 261.65507246376865, 261.5550724637686, 265.0782608695657, 264.9782608695657, 264.8782608695657, 268.4014492753628, 268.30144927536276, 268.20144927536273, 268.1014492753627, 271.6246376811598, 271.5246376811598, 271.42463768115977, 274.94782608695687, 274.84782608695684, 274.7478260869568, 278.2710144927539, 278.1710144927539, 278.0710144927539, 277.97101449275385, 281.49420289855095, 281.39420289855093, 281.2942028985509, 284.817391304348, 284.717391304348, 284.61739130434796, 284.51739130434794, 288.04057971014504, 287.940579710145, 287.840579710145, 291.3637681159421, 291.26376811594207, 291.16376811594205, 294.68695652173915, 294.5869565217391, 294.4869565217391, 294.3869565217391, 297.9101449275362, 297.81014492753616, 297.71014492753613, 301.23333333333323, 301.1333333333332, 301.0333333333332, 304.5565217391303, 304.45652173913027, 307.97971014492737, 311.50289855072447, 311.40289855072444, 314.92608695652154, 314.8260869565215, 314.7260869565215, 318.2492753623186, 318.1492753623186, 318.04927536231855, 321.57246376811565, 321.47246376811563, 321.3724637681156, 324.8956521739127, 324.7956521739127, 324.69565217391266, 328.21884057970976, 328.11884057970974, 328.0188405797097, 327.9188405797097, 331.4420289855068, 331.3420289855068, 331.24202898550675, 334.76521739130385, 334.6652173913038, 334.5652173913038, 334.4652173913038, 337.9884057971009, 337.88840579710086, 337.78840579710084, 341.31159420289794, 341.2115942028979, 341.1115942028979, 341.01159420289787, 344.53478260869497, 344.43478260869495, 344.3347826086949, 347.857971014492, 347.757971014492, 347.657971014492, 347.55797101449195, 351.08115942028905, 350.98115942028903, 350.881159420289, 350.781159420289, 354.3043478260861, 354.20434782608606, 354.10434782608604, 354.004347826086, 357.5275362318831, 357.4275362318831, 357.3275362318831, 357.22753623188305, 360.75072463768015, 360.6507246376801, 360.5507246376801, 360.4507246376801, 363.9739130434772, 363.87391304347716, 363.77391304347714, 363.6739130434771, 367.1971014492742, 367.0971014492742, 366.99710144927417, 366.89710144927415, 370.42028985507125, 370.3202898550712, 370.2202898550712, 370.1202898550712, 373.6434782608683, 373.54347826086826, 373.44347826086823, 376.96666666666533, 376.8666666666653, 376.7666666666653, 376.66666666666526, 380.18985507246236, 380.08985507246234, 379.9898550724623, 379.8898550724623, 383.4130434782594, 383.3130434782594, 383.21304347825935, 383.1130434782593, 386.63623188405643, 