{"number_steps": 1012, "total_reward": [7.226007326007326, 7.1260073260073264, 7.026007326007327, 6.926007326007327, 6.8260073260073275, 6.726007326007328, 6.626007326007328, 6.526007326007329, 6.426007326007329, 6.326007326007329, 6.22600732600733, 9.789010989010993, 9.689010989010994, 9.589010989010994, 9.489010989010994, 9.389010989010995, 9.289010989010995, 9.189010989010995, 9.089010989010996, 8.989010989010996, 8.889010989010997, 8.789010989010997, 12.35201465201466, 12.25201465201466, 12.15201465201466, 12.05201465201466, 11.952014652014661, 11.852014652014661, 11.752014652014662, 15.315018315018325, 15.215018315018325, 15.115018315018325, 15.015018315018326, 14.915018315018326, 14.815018315018326, 18.378021978021987, 18.278021978021986, 18.178021978021984, 18.078021978021983, 17.97802197802198, 21.541025641025644, 21.441025641025643, 21.34102564102564, 21.24102564102564, 24.804029304029303, 24.7040293040293, 24.6040293040293, 24.5040293040293, 24.404029304029297, 27.96703296703296, 27.86703296703296, 27.767032967032957, 31.33003663003662, 31.23003663003662, 31.130036630036617, 31.030036630036616, 34.593040293040275, 34.49304029304027, 34.39304029304027, 37.956043956043935, 37.85604395604393, 37.75604395604393, 41.319047619047595, 41.21904761904759, 41.11904761904759, 41.01904761904759, 44.58205128205125, 44.48205128205125, 44.38205128205125, 47.94505494505491, 47.84505494505491, 47.74505494505491, 51.30805860805857, 51.20805860805857, 51.10805860805857, 54.67106227106223, 54.57106227106223, 54.47106227106223, 58.03406593406589, 57.93406593406589, 57.83406593406589, 61.39706959706955, 61.29706959706955, 61.19706959706955, 64.76007326007321, 64.66007326007322, 68.22307692307689, 68.1230769230769, 71.68608058608056, 71.58608058608057, 71.48608058608058, 75.04908424908425, 74.94908424908425, 74.84908424908426, 78.41208791208793, 78.31208791208793, 78.21208791208794, 81.77509157509161, 81.67509157509161, 81.57509157509162, 81.47509157509162, 85.0380952380953, 84.9380952380953, 84.8380952380953, 88.40109890109898, 88.30109890109898, 88.20109890109899, 91.76410256410266, 91.66410256410266, 91.56410256410267, 91.46410256410267, 95.02710622710634, 94.92710622710635, 94.82710622710636, 98.39010989011003, 98.29010989011003, 98.19010989011004, 98.09010989011004, 101.65311355311371, 101.55311355311372, 101.45311355311372, 105.0161172161174, 104.9161172161174, 104.8161172161174, 108.37912087912107, 108.27912087912108, 108.17912087912109, 108.07912087912109, 111.64212454212476, 111.54212454212477, 111.44212454212477, 115.00512820512844, 114.90512820512845, 114.80512820512845, 118.36813186813212, 118.26813186813213, 118.16813186813214, 118.06813186813214, 121.63113553113581, 121.53113553113582, 121.43113553113582, 124.99413919413949, 124.8941391941395, 124.7941391941395, 128.35714285714317, 128.25714285714318, 128.15714285714319, 128.0571428571432, 131.62014652014685, 131.52014652014685, 131.42014652014686, 134.9831501831505, 134.88315018315052, 134.78315018315052, 138.34615384615418, 138.2461538461542, 138.1461538461542, 138.0461538461542, 141.60915750915785, 141.50915750915786, 141.40915750915786, 144.97216117216152, 144.87216117216153, 144.77216117216153, 148.3351648351652, 148.2351648351652, 148.1351648351652, 148.0351648351652, 151.59816849816886, 151.49816849816887, 151.39816849816887, 154.96117216117253, 154.86117216117253, 154.76117216117254, 158.3241758241762, 158.2241758241762, 158.1241758241762, 158.0241758241762, 161.58717948717987, 161.48717948717987, 161.38717948717988, 164.95018315018353, 164.85018315018354, 164.75018315018355, 168.3131868131872, 168.2131868131872, 168.1131868131872, 168.01318681318722, 171.57619047619087, 171.47619047619088, 171.37619047619089, 174.93919413919454, 174.83919413919455, 174.73919413919455, 178.3021978021982, 178.2021978021982, 178.10219780219822, 178.00219780219822, 181.56520146520188, 181.4652014652019, 181.3652014652019, 184.92820512820555, 184.82820512820555, 184.72820512820556, 188.29120879120921, 188.19120879120922, 188.09120879120923, 187.99120879120923, 191.5542124542129, 191.4542124542129, 191.3542124542129, 194.91721611721655, 194.81721611721656, 194.71721611721657, 198.28021978022022, 198.18021978022023, 198.08021978022023, 197.98021978022024, 201.5432234432239, 201.4432234432239, 201.3432234432239, 204.90622710622756, 204.80622710622757, 204.70622710622757, 208.26923076923123, 208.16923076923123, 208.06923076923124, 211.6322344322349, 211.5322344322349, 211.4322344322349, 211.3322344322349, 214.89523809523857, 214.79523809523857, 214.69523809523858, 218.25824175824224, 218.15824175824224, 218.05824175824225, 221.6212454212459, 221.5212454212459, 221.4212454212459, 224.98424908424957, 224.88424908424957, 224.78424908424958, 228.34725274725324, 228.24725274725324, 228.14725274725325, 231.7102564102569, 231.6102564102569, 235.17326007326056, 235.07326007326057, 234.97326007326058, 238.53626373626423, 238.43626373626424, 241.9992673992679, 241.8992673992679, 241.7992673992679, 245.36227106227156, 245.26227106227157, 245.16227106227157, 248.72527472527523, 248.62527472527523, 248.52527472527524, 252.0882783882789, 251.9882783882789, 251.8882783882789, 251.7882783882789, 255.35128205128257, 255.25128205128257, 255.15128205128258, 258.71428571428623, 258.6142857142862, 258.5142857142862, 262.07728937728984, 261.9772893772898, 261.8772893772898, 265.44029304029345, 265.34029304029343, 265.2402930402934, 265.1402930402934, 268.70329670329704, 268.603296703297, 268.503296703297, 272.06630036630065, 271.96630036630063, 271.8663003663006, 271.7663003663006, 275.32930402930424, 275.2293040293042, 275.1293040293042, 278.69230769230785, 278.5923076923078, 278.4923076923078, 282.05531135531146, 281.95531135531144, 281.8553113553114, 281.7553113553114, 285.31831501831505, 285.218315018315, 285.118315018315, 288.68131868131866, 288.58131868131863, 288.4813186813186, 292.04432234432227, 291.94432234432225, 291.8443223443222, 291.7443223443222, 295.30732600732586, 295.20732600732583, 295.1073260073258, 298.67032967032947, 298.57032967032944, 298.4703296703294, 302.0333333333331, 301.93333333333305, 301.83333333333303, 301.733333333333, 305.29633699633666, 305.19633699633664, 305.0963369963366, 308.6593406593403, 308.55934065934025, 308.4593406593402, 312.0223443223439, 311.92234432234386, 311.82234432234384, 311.7223443223438, 315.28534798534747, 315.18534798534745, 315.0853479853474, 318.6483516483511, 318.54835164835106, 318.44835164835104, 322.0113553113547, 321.91135531135467, 325.4743589743583, 325.3743589743583, 328.93736263736196, 328.83736263736193, 328.7373626373619, 332.30036630036557, 332.20036630036554, 332.1003663003655, 335.6633699633692, 335.56336996336915, 335.46336996336913, 339.0263736263728, 338.92637362637277, 338.82637362637274, 342.3893772893764, 342.2893772893764, 342.18937728937635, 342.08937728937633, 345.65238095238, 345.55238095237996, 345.45238095237994, 349.0153846153836, 348.9153846153836, 348.81538461538355, 352.3783882783872, 352.2783882783872, 352.17838827838716, 355.7413919413908, 355.6413919413908, 355.54139194139077, 355.44139194139075, 359.0043956043944, 358.9043956043944, 358.80439560439436, 358.70439560439434, 362.267399267398, 362.16739926739797, 362.06739926739795, 361.9673992673979, 365.5304029304016, 365.43040293040156, 365.33040293040153, 368.8934065934052, 368.79340659340517, 368.69340659340514, 372.2564102564088, 372.1564102564088, 372.05641025640875, 375.6194139194124, 375.5194139194124, 375.41941391941236, 378.982417582416, 378.882417582416, 378.782417582416, 378.68241758241595, 382.2454212454196, 382.1454212454196, 382.04542124541956, 385.6084249084232, 385.5084249084232, 385.40842490842317, 388.9714285714268, 388.8714285714268, 388.7714285714268, 388.67142857142676, 392.2344322344304, 392.1344322344304, 392.03443223443037, 391.93443223443035, 395.497435897434, 395.397435897434, 395.29743589743396, 398.8604395604376, 398.7604395604376, 398.66043956043757, 