{"number_steps": 975, "total_reward": [7.504562737642586, 7.404562737642586, 7.304562737642587, 7.204562737642587, 7.1045627376425875, 7.004562737642588, 6.904562737642588, 6.804562737642589, 6.704562737642589, 6.604562737642589, 10.306844106463883, 10.206844106463883, 10.106844106463884, 10.006844106463884, 9.906844106463884, 9.806844106463885, 9.706844106463885, 9.606844106463885, 9.506844106463886, 9.406844106463886, 9.306844106463886, 9.206844106463887, 12.90912547528518, 12.80912547528518, 12.70912547528518, 12.60912547528518, 12.509125475285181, 12.409125475285181, 12.309125475285182, 16.011406844106475, 15.911406844106475, 15.811406844106475, 15.711406844106476, 15.611406844106476, 15.511406844106476, 19.213688212927767, 19.113688212927766, 19.013688212927764, 18.913688212927763, 18.81368821292776, 22.515969581749054, 22.415969581749053, 22.31596958174905, 22.21596958174905, 25.918250950570343, 25.81825095057034, 25.71825095057034, 25.61825095057034, 25.518250950570337, 29.22053231939163, 29.12053231939163, 29.020532319391627, 32.722813688212916, 32.622813688212915, 32.52281368821291, 32.42281368821291, 36.1250950570342, 36.0250950570342, 35.9250950570342, 39.62737642585549, 39.527376425855486, 39.427376425855485, 43.129657794676774, 43.02965779467677, 42.92965779467677, 42.82965779467677, 46.53193916349806, 46.43193916349806, 46.331939163498056, 50.034220532319345, 49.934220532319344, 49.83422053231934, 53.53650190114063, 53.43650190114063, 53.33650190114063, 57.03878326996192, 56.93878326996192, 56.838783269961915, 60.541064638783205, 60.4410646387832, 60.3410646387832, 60.2410646387832, 63.9433460076045, 63.843346007604495, 63.743346007604494, 67.44562737642579, 67.3456273764258, 67.2456273764258, 70.9479087452471, 70.84790874524711, 70.74790874524712, 74.45019011406842, 74.35019011406843, 74.25019011406843, 77.95247148288973, 77.85247148288974, 77.75247148288975, 77.65247148288975, 81.35475285171105, 81.25475285171106, 81.15475285171107, 84.85703422053237, 84.75703422053238, 84.65703422053238, 88.35931558935368, 88.25931558935369, 88.1593155893537, 91.861596958175, 91.761596958175, 91.66159695817501, 95.36387832699631, 95.26387832699632, 95.16387832699633, 95.06387832699633, 98.76615969581763, 98.66615969581764, 98.56615969581765, 102.26844106463895, 102.16844106463896, 102.06844106463896, 105.77072243346026, 105.67072243346027, 105.57072243346028, 109.27300380228158, 109.17300380228158, 109.07300380228159, 112.7752851711029, 112.6752851711029, 112.5752851711029, 112.47528517110291, 116.17756653992421, 116.07756653992422, 115.97756653992423, 119.67984790874553, 119.57984790874553, 119.47984790874554, 123.18212927756684, 123.08212927756685, 122.98212927756686, 126.68441064638816, 126.58441064638816, 126.48441064638817, 126.38441064638818, 130.08669201520948, 129.98669201520948, 129.8866920152095, 133.5889733840308, 133.4889733840308, 133.3889733840308, 137.0912547528521, 136.99125475285211, 136.89125475285212, 140.59353612167342, 140.49353612167343, 140.39353612167343, 144.09581749049474, 143.99581749049474, 143.89581749049475, 147.59809885931605, 147.49809885931606, 147.39809885931606, 147.29809885931607, 151.00038022813737, 150.90038022813738, 150.80038022813739, 154.5026615969587, 154.4026615969587, 158.10494296578, 158.00494296578, 161.7072243346013, 161.6072243346013, 161.50722433460132, 165.20950570342262, 165.10950570342263, 168.81178707224393, 168.71178707224394, 168.61178707224394, 172.31406844106525, 172.21406844106525, 172.11406844106526, 175.81634980988656, 175.71634980988657, 175.61634980988657, 175.51634980988658, 179.21863117870788, 179.1186311787079, 179.0186311787079, 178.9186311787079, 178.8186311787079, 182.5209125475292, 182.4209125475292, 182.32091254752922, 182.22091254752922, 185.92319391635053, 185.82319391635053, 185.72319391635054, 185.62319391635054, 189.32547528517185, 189.22547528517185, 189.12547528517186, 192.82775665399316, 192.72775665399317, 192.62775665399317, 192.52775665399318, 196.23003802281448, 196.1300380228145, 196.0300380228145, 195.9300380228145, 199.6323193916358, 199.5323193916358, 199.43231939163582, 199.33231939163582, 203.03460076045712, 202.93460076045713, 202.83460076045714, 202.73460076045714, 206.43688212927844, 206.33688212927845, 206.23688212927846, 209.93916349809976, 209.83916349809977, 209.73916349809977, 209.63916349809978, 213.34144486692108, 213.24144486692109, 213.1414448669211, 213.0414448669211, 216.7437262357424, 216.6437262357424, 216.5437262357424, 220.24600760456372, 220.14600760456372, 220.04600760456373, 219.94600760456373, 223.64828897338504, 223.54828897338504, 223.44828897338505, 223.34828897338505, 227.05057034220636, 226.95057034220636, 226.85057034220637, 230.55285171102767, 230.45285171102768, 230.35285171102768, 230.2528517110277, 233.955133079849, 233.855133079849, 233.755133079849, 233.655133079849, 237.3574144486703, 237.25741444867032, 237.15741444867032, 240.85969581749163, 240.75969581749163, 240.65969581749164, 240.55969581749164, 244.26197718631295, 244.16197718631295, 244.06197718631296, 243.96197718631296, 247.66425855513427, 247.56425855513427, 247.46425855513428, 251.16653992395558, 251.0665399239556, 250.9665399239556, 250.8665399239556, 254.5688212927769, 254.4688212927769, 254.36882129277691, 254.26882129277692, 257.9711026615982, 257.8711026615982, 257.77110266159815, 261.4733840304194, 261.3733840304194, 261.2733840304194, 261.17338403041936, 264.87566539924063, 264.7756653992406, 264.6756653992406, 264.57566539924056, 268.27794676806184, 268.1779467680618, 268.0779467680618, 271.78022813688307, 271.68022813688304, 271.580228136883, 271.480228136883, 275.1825095057043, 275.08250950570425, 274.98250950570423, 274.8825095057042, 278.5847908745255, 278.48479087452546, 278.38479087452544, 282.0870722433467, 281.9870722433467, 281.88707224334667, 281.78707224334664, 285.4893536121679, 285.3893536121679, 285.2893536121679, 285.18935361216785, 288.8916349809891, 288.7916349809891, 288.6916349809891, 292.39391634981035, 292.29391634981033, 292.1939163498103, 292.0939163498103, 295.79619771863156, 295.69619771863154, 295.5961977186315, 295.4961977186315, 299.19847908745277, 299.09847908745274, 298.9984790874527, 302.700760456274, 302.600760456274, 302.50076045627395, 302.40076045627393, 306.1030418250952, 306.0030418250952, 305.90304182509516, 305.80304182509514, 309.5053231939164, 309.4053231939164, 309.30532319391637, 313.00760456273764, 312.9076045627376, 312.8076045627376, 312.7076045627376, 316.40988593155885, 316.3098859315588, 316.2098859315588, 316.1098859315588, 319.81216730038005, 319.71216730038003, 319.61216730038, 323.3144486692013, 323.21444866920126, 323.11444866920124, 323.0144486692012, 326.7167300380225, 326.61673003802247, 326.51673003802244, 330.2190114068437, 330.1190114068437, 330.0190114068437, 329.91901140684365, 333.6212927756649, 333.5212927756649, 333.4212927756649, 333.32129277566486, 337.02357414448613, 336.9235741444861, 336.8235741444861, 340.52585551330736, 340.42585551330734, 340.3258555133073, 340.2258555133073, 343.92813688212857, 343.82813688212855, 343.7281368821285, 347.4304182509498, 347.3304182509498, 347.23041825094975, 347.13041825094973, 350.832699619771, 350.732699619771, 350.63269961977096, 350.53269961977094, 354.2349809885922, 354.1349809885922, 354.03498098859217, 357.73726235741344, 357.6372623574134, 357.5372623574134, 357.4372623574134, 361.13954372623465, 361.0395437262346, 360.9395437262346, 364.6418250950559, 364.54182509505586, 364.44182509505583, 364.3418250950558, 368.0441064638771, 367.94410646387706, 367.84410646387704, 367.744106463877, 371.4463878326983, 371.34638783269827, 371.24638783269825, 371.1463878326982, 374.8486692015195, 374.7486692015195, 374.64866920151945, 374.54866920151943, 378.2509505703407, 378.1509505703407, 378.05095057034066, 381.75323193916194, 381.6532319391619, 381.5532319391619, 381.45323193916187, 385.15551330798314, 385.0555133079831, 384.9555133079831, 